id,key,value,type
24425048,SWBD_facc_code,bh080,regular
24425048,ele,956.0,regular
24425048,natural,water,regular
24425048,source,SWBD,regular
24425661,SWBD_facc_code,bh080,regular
24425661,ele,1684.0,regular
24425661,name,Limin Reservoir,regular
24425661,natural,water,regular
24425661,source,SWBD,regular
24426297,SWBD_facc_code,bh080,regular
24426297,ele,928.0,regular
24426297,natural,water,regular
24426297,source,SWBD,regular
24426818,SWBD_facc_code,bh080,regular
24426818,ele,999.0,regular
24426818,natural,water,regular
24426818,source,SWBD,regular
24426818,water,reservoir,regular
24427478,SWBD_facc_code,bh080,regular
24427478,ele,1278.0,regular
24427478,natural,water,regular
24427478,source,SWBD,regular
24427800,SWBD_facc_code,bh080,regular
24427800,ele,851.0,regular
24427800,natural,water,regular
24427800,source,SWBD,regular
49431337,highway,tertiary,regular
49431337,source,GPS,regular
50427404,bridge,yes,regular
50427404,electrified,contact_line,regular
50427404,frequency,50,regular
50427404,gauge,1435,regular
50427404,layer,1,regular
50427404,railway,rail,regular
50427404,source,GPS,regular
50427404,usage,main,regular
50427404,voltage,25000,regular
52068937,highway,motorway,regular
52068937,int_ref,AH3,regular
52068937,lanes,2,regular
52068937,name,凯麻高速,regular
52068937,oneway,yes,regular
52068937,ref,G60,regular
52068937,source,GPS,regular
56301905,highway,secondary,regular
56301905,junction,roundabout,regular
56301905,landuse,grass,regular
56301905,source,GPS,regular
56902278,highway,secondary,regular
56902278,source,GPS,regular
66443860,highway,secondary,regular
66443860,ref,X014,regular
66443860,source,GPS,regular
71373763,source,Lakewalker / Landsat,regular
73539808,highway,primary,regular
73539808,ref,G321,regular
73539808,source,GPS,regular
73544736,highway,secondary,regular
73544736,source,GPS,regular
73546346,highway,unclassified,regular
73546346,source,GPS,regular
73546454,highway,road,regular
73546454,source,GPS,regular
73548515,boat,no,regular
73548515,source,Yahoo,regular
73548515,waterway,river,regular
81944500,highway,secondary,regular
81944500,ref,X148,regular
81944500,source,GPS,regular
82171532,source,Lakewalker / Landsat,regular
82171617,natural,water,regular
82171617,source,landsat,regular
82175758,highway,primary,regular
82175758,ref,S205,regular
82175758,source,landsat,regular
82191717,source,Lakewalker / Landsat,regular
83005384,highway,secondary,regular
83005384,lanes,2,regular
83005384,ref,G210,regular
83005384,source,GPS,regular
83716751,highway,primary,regular
83716751,name,北京路,regular
83716751,oneway,yes,regular
85846183,bridge,yes,regular
85846183,highway,secondary,regular
85846183,lanes,2,regular
85846183,layer,1,regular
85846183,note,old Trunk road,regular
85846183,ref,G320,regular
85846183,source,GPS,regular
85846249,highway,secondary,regular
85846249,lanes,2,regular
85846249,note,old Trunk road,regular
85846249,ref,G320,regular
85846249,source,GPS,regular
85846309,highway,tertiary_link,regular
85846309,name,东山路,regular
88169543,bridge,yes,regular
88169543,highway,tertiary,regular
88169543,layer,1,regular
88169543,source,GPS,regular
95503579,bridge,yes,regular
95503579,highway,trunk,regular
95503579,layer,1,regular
95503579,oneway,yes,regular
95503579,ref,S101,regular
95503579,source,GPS,regular
98571444,highway,secondary,regular
98571444,name,遵义路,regular
98571444,oneway,yes,regular
98571469,highway,primary,regular
98571469,name,花溪大道,regular
98571469,oneway,yes,regular
98601506,bridge,yes,regular
98601506,highway,trunk,regular
98601506,lanes,2,regular
98601506,layer,1,regular
98601506,name,解放路,regular
98601506,oneway,yes,regular
98870829,bridge,yes,regular
98870829,highway,footway,regular
98870829,layer,1,regular
98870853,highway,primary,regular
98870853,lanes,3,regular
98870853,name,解放路,regular
98870853,oneway,yes,regular
98870874,name,贯城河,regular
98870874,waterway,stream,regular
98870895,bridge,yes,regular
98870895,highway,footway,regular
98870895,layer,1,regular
98874622,highway,trunk_link,regular
98874622,oneway,yes,regular
98880414,highway,trunk,regular
98880414,lanes,2,regular
98880414,name,环城公路,regular
98880414,oneway,yes,regular
98880414,ref,G75 G76 G6001,regular
98880439,highway,motorway,regular
98880439,lanes,2,regular
98880439,name,环城公路,regular
98880439,oneway,yes,regular
98880439,ref,G75 G76 G6001,regular
99160924,bridge,yes,regular
99160924,railway,rail,regular
99160985,highway,motorway,regular
99160985,lanes,2,regular
99160985,name,环城公路,regular
99160985,oneway,yes,regular
99160985,ref,G75 G76 G6001,regular
99161027,bridge,yes,regular
99161027,highway,motorway,regular
99161027,lanes,2,regular
99161027,layer,1,regular
99161027,name,环城公路,regular
99161027,oneway,yes,regular
99161027,ref,G75 G76 G6001,regular
99161053,railway,rail,regular
99161074,electrified,contact_line,regular
99161074,railway,rail,regular
99161074,service,siding,regular
99172511,bridge,yes,regular
99172511,highway,service,regular
99172511,oneway,yes,regular
99175094,aeroway,taxiway,regular
99180199,highway,motorway,regular
99180199,lanes,2,regular
99180199,name,环城公路,regular
99180199,oneway,yes,regular
99180199,ref,G75 G76 G6001,regular
99202183,highway,tertiary,regular
99202183,name,四号路,regular
99204578,highway,primary,regular
99204578,name,花溪大道,regular
99204578,oneway,yes,regular
99209349,bridge,yes,regular
99209349,electrified,contact_line,regular
99209349,frequency,50,regular
99209349,gauge,1435,regular
99209349,layer,1,regular
99209349,railway,rail,regular
99209349,service,siding,regular
99209349,usage,main,regular
99209349,voltage,25000,regular
99209386,bridge,yes,regular
99209386,layer,1,regular
99209386,railway,rail,regular
99209386,service,siding,regular
99209412,name,湘黔线,regular
99209412,en,Xiangqian Line,name
99209412,railway,rail,regular
99209412,tunnel,yes,regular
99213112,railway,rail,regular
99213112,source,bing,regular
99217965,electrified,contact_line,regular
99217965,railway,rail,regular
99230732,highway,residential,regular
99230732,name,解放西路,regular
99286390,bridge,yes,regular
99286390,highway,primary_link,regular
99286390,layer,1,regular
99286390,oneway,yes,regular
99289468,highway,secondary,regular
99289468,name,延安中路,regular
99289468,oneway,yes,regular
99289488,highway,primary,regular
99289488,name,北京路,regular
99289488,oneway,yes,regular
99291527,highway,secondary,regular
99291527,name,延安西路,regular
99291527,oneway,yes,regular
99295424,highway,primary,regular
99295424,lanes,2,regular
99295424,name,观山东路,regular
99295424,oneway,yes,regular
99295444,highway,primary,regular
99295444,lanes,2,regular
99295444,name,观山东路,regular
99295444,oneway,yes,regular
99295444,tunnel,yes,regular
99301331,highway,motorway_link,regular
99301331,oneway,yes,regular
99303158,highway,secondary_link,regular
99303158,oneway,yes,regular
99310500,highway,residential,regular
99314479,highway,residential,regular
99314479,name,飞山横街,regular
99315459,highway,residential,regular
99315459,name,北新区路,regular
99322605,bridge,yes,regular
99322605,highway,motorway_link,regular
99322605,layer,1,regular
99322605,oneway,yes,regular
99322666,highway,residential,regular
99322666,name,黔灵西路,regular
99821326,name,小车河,regular
99821326,waterway,river,regular
100458103,railway,rail,regular
100458103,service,siding,regular
100463947,highway,trunk_link,regular
100463947,oneway,yes,regular
100468964,railway,rail,regular
100468964,service,siding,regular
100469013,railway,rail,regular
100469013,service,siding,regular
100477262,electrified,contact_line,regular
100477262,layer,-1,regular
100477262,railway,rail,regular
100477262,tunnel,yes,regular
101685842,bridge,yes,regular
101685842,highway,primary_link,regular
101685842,lanes,1,regular
101685842,layer,1,regular
101685842,oneway,yes,regular
101691268,highway,primary_link,regular
101725995,highway,primary,regular
101725995,lanes,3,regular
101725995,oneway,yes,regular
101725995,ref,G210,regular
101726031,highway,residential,regular
101726031,name,笔山路,regular
101726052,highway,secondary,regular
101726052,lanes,2,regular
101726052,name,珠江路,regular
101726052,oneway,yes,regular
101745957,highway,primary,regular
101745957,lanes,2,regular
101745957,name,贵开公路,regular
101757555,highway,tertiary,regular
101757555,source,GPS,regular
104406596,highway,motorway_link,regular
104406596,source,GPS,regular
108735266,fixme,yes,regular
108735266,highway,primary,regular
108735266,lanes,3,regular
108735266,oneway,yes,regular
108735266,ref,X100,regular
116940961,landuse,residential,regular
116941034,highway,road,regular
116941034,surface,asphalt,regular
133368589,highway,primary,regular
133368589,ref,G321,regular
133368589,source,GPS,regular
133369320,highway,secondary,regular
133369320,ref,X004,regular
133369320,source,GPS,regular
133370260,bridge,yes,regular
133370260,highway,primary,regular
133370260,layer,1,regular
133370260,ref,S307,regular
133370260,source,GPS,regular
135187643,bridge,yes,regular
135187643,highway,primary,regular
135187643,layer,1,regular
135187643,oneway,yes,regular
135187643,ref,G326,regular
135187643,source,bing,regular
140274561,highway,primary,regular
140274561,ref,S308,regular
140274561,source,GPS,regular
140285474,highway,primary,regular
140285474,ref,S204,regular
140285474,source,GPS,regular
140361710,highway,primary,regular
140361710,layer,1,regular
140361710,name,环城路,regular
140361710,en,Huancheng Road,name
140361710,zh,环城路,name
140361710,oneway,yes,regular
140361710,ref,G326,regular
140361710,source,bing,regular
140361901,railway,rail,regular
140361901,source,bing,regular
140408475,boat,no,regular
140408475,code,AFE11006,regular
140408475,name,六冲河,regular
140408475,en,Liuchong River,name
140408475,zh,三岔河,name
140408475,zh_pinyin,liùchōng hé,name
140408475,source,landsat,regular
140408475,waterway,river,regular
140408475,zhb_code,11FG040000,regular
140408660,fixme,check if really railway...,regular
140408660,railway,abandoned,regular
140408660,source,bing,regular
140417220,highway,residential,regular
140417220,source,bing,regular
140417242,boat,no,regular
140417242,source,bing,regular
140417242,waterway,river,regular
142909817,boat,no,regular
142909817,source,landsat,regular
142909817,waterway,river,regular
142917665,highway,tertiary,regular
142917665,note,"cross-check ""chinese"" GPS offset",regular
142917665,source,GPS,regular
143090153,highway,motorway_link,regular
143090153,oneway,yes,regular
143090153,source,bing,regular
143090190,highway,motorway_link,regular
143090190,oneway,yes,regular
143090190,source,bing,regular
143090238,highway,residential,regular
143090238,source,bing,regular
143090326,landuse,residential,regular
143090326,source,bing,regular
143090387,source,bing,regular
143090387,waterway,stream,regular
143090423,aeroway,taxiway,regular
143090423,source,bing,regular
143183220,highway,primary,regular
143183220,source,GPS,regular
149155721,boat,no,regular
149155721,source,landsat,regular
149155721,waterway,river,regular
149156041,source,scanaerial,regular
152112054,name,Anshun HVDC Converter Station,regular
152112054,power,substation,regular
152112119,cables,3,regular
152112119,power,line,regular
152112119,voltage,525000,regular
159153207,highway,track,regular
159153207,source,bing,regular
159153254,source,bing,regular
163004288,boat,no,regular
163004288,source,landsat,regular
163004288,waterway,river,regular
164700907,highway,motorway,regular
164700907,oneway,yes,regular
164700907,ref,G75,regular
164700907,source,bing,regular
164700928,highway,motorway_link,regular
164700928,oneway,yes,regular
164700928,source,bing,regular
164700948,highway,tertiary,regular
164700948,source,bing,regular
164700970,highway,tertiary,regular
164700970,source,bing,regular
164700998,boat,no,regular
164700998,source,landsat,regular
164700998,waterway,stream,regular
164704747,landuse,quarry,regular
164704747,source,bing,regular
167923959,bridge,yes,regular
167923959,highway,trunk,regular
167923959,lanes,2,regular
167923959,name,贵开公路,regular
167925527,highway,motorway,regular
167925527,lanes,2,regular
167925527,name,环城公路,regular
167925527,oneway,yes,regular
167925527,ref,G75 G76 G6001,regular
167935769,highway,trunk_link,regular
167935769,lanes,1,regular
167935769,oneway,yes,regular
167935789,barrier,toll_booth,regular
167935789,building,yes,regular
167935809,highway,trunk,regular
167935809,lanes,2,regular
167935809,name,贵开公路,regular
167939676,highway,motorway_link,regular
167939676,lanes,4,regular
167939676,oneway,yes,regular
167939698,barrier,toll_booth,regular
167939698,building,yes,regular
167939719,bridge,yes,regular
167939719,highway,motorway,regular
167939719,lanes,2,regular
167939719,layer,2,regular
167939719,name,环城公路,regular
167939719,oneway,yes,regular
167939719,ref,G6001,regular
167994403,highway,primary_link,regular
167994403,lanes,1,regular
167994403,oneway,yes,regular
167994435,highway,primary,regular
167994435,lanes,3,regular
167994435,name,北京西路,regular
167994435,oneway,yes,regular
167994488,bridge,yes,regular
167994488,highway,primary,regular
167994488,lanes,3,regular
167994488,layer,2,regular
167994488,name,北京西路,regular
167994488,oneway,yes,regular
178851887,highway,motorway,regular
178851887,int_ref,AH3,regular
178851887,layer,-1,regular
178851887,name,环城公路,regular
178851887,oneway,yes,regular
178851887,ref,G6001,regular
178851887,tunnel,yes,regular
178853563,highway,secondary_link,regular
178854605,highway,motorway,regular
178854605,int_name,Guiyang South Ring Expressway,regular
178854605,name,环城公路,regular
178854605,oneway,yes,regular
178854605,ref,G6001,regular
178859710,highway,motorway_link,regular
178859710,int_ref,AH3,regular
178859710,lanes,2,regular
178859710,oneway,yes,regular
183172136,bridge,yes,regular
183172136,highway,motorway,regular
183172136,layer,1,regular
183172136,oneway,yes,regular
183172136,source,bing,regular
183172163,highway,motorway_link,regular
183172163,lanes,1,regular
183172163,oneway,yes,regular
183172163,source,bing,regular
183172183,layer,-1,regular
183172183,railway,rail,regular
183172183,service,siding,regular
183172183,source,bing,regular
183172183,tunnel,yes,regular
183172203,layer,-1,regular
183172203,railway,rail,regular
183172203,service,siding,regular
183172203,source,bing,regular
183172203,tunnel,yes,regular
183172223,railway,rail,regular
183172223,source,bing,regular
183172255,bridge,yes,regular
183172255,highway,motorway,regular
183172255,layer,1,regular
183172255,name,环城公路,regular
183172255,oneway,yes,regular
183172255,ref,G6001,regular
183196920,bridge,yes,regular
183196920,highway,primary,regular
183196920,layer,1,regular
183196920,ref,G210,regular
183196920,source,bing,regular
197412407,power,line,regular
198509993,highway,motorway_link,regular
198509993,lanes,2,regular
198509993,oneway,yes,regular
200884771,highway,primary,regular
200884771,ref,G320,regular
200884771,source,bing,regular
201074093,highway,unclassified,regular
206437412,alt_name,坝王河,regular
206437412,en,Bawang River,alt_name
206437412,zh_pinyin,bàwáng hé,alt_name
206437412,code,AHA24206,regular
206437412,name,摆老河,regular
206437412,en,Bailao River,name
206437412,zh,摆老河,name
206437412,zh_pinyin,bǎilǎo hé,name
206437412,nsdi_code,HA1925,regular
206437412,waterway,river,regular
206638277,admin_level,5,regular
206638277,boundary,administrative,regular
206638277,en,Border Qiannan - Qiandongnan,name
206638277,source,estimated,regular
206649540,admin_level,5,regular
206649540,boundary,administrative,regular
206649540,en,Border Qiannan - Qiandongnan,name
206649540,source,estimated,regular
206679840,boat,no,regular
206679840,code,AFE14006,regular
206679840,name,偏岩河,regular
206679840,en,Pianyan River,name
206679840,zh,偏岩河,name
206679840,zh_pinyin,piānyán hé,name
206679840,nsdi_code,FF1305,regular
206679840,source,landsat,regular
206679840,waterway,river,regular
206679840,zhb_code,11FG080000,regular
206709689,admin_level,5,regular
206709689,boundary,administrative,regular
206709689,en,Border Bijie - Zunyi,name
206709689,source,along river,regular
206819241,admin_level,5,regular
206819241,boundary,administrative,regular
206819241,en,Border Anshun - Bijie,name
206819241,source,"China Data Center, University of Michigan;along river",regular
206819273,admin_level,6,regular
206819273,boundary,administrative,regular
206819273,source,"China Data Center, University of Michigan",regular
206885646,source,bing,regular
206985495,natural,scrub,regular
206985495,source,bing,regular
206987950,admin_level,6,regular
206987950,boundary,administrative,regular
206987950,source,"China Data Center, University of Michigan",regular
207074095,highway,track,regular
207074095,source,bing,regular
207074125,highway,residential,regular
207074125,source,bing,regular
207074148,highway,motorway,regular
207074148,int_ref,AH3,regular
207074148,name,清镇高速,regular
207074148,oneway,yes,regular
207074148,ref,G60,regular
207074148,source,bing,regular
207074178,admin_level,6,regular
207074178,boundary,administrative,regular
207074178,source,estimated,regular
207074234,source,scanaerial,regular
211701728,highway,trunk,regular
211701728,oneway,yes,regular
211701728,ref,G321,regular
215292273,highway,trunk_link,regular
215574346,bridge,yes,regular
215574346,highway,trunk_link,regular
215574346,lanes,2,regular
215574346,layer,1,regular
215574346,oneway,yes,regular
215576297,highway,motorway,regular
215576297,int_ref,AH3,regular
215576297,layer,-1,regular
215576297,name,清镇高速,regular
215576297,oneway,yes,regular
215576297,ref,G60,regular
215576297,source,GPS,regular
215576297,tunnel,yes,regular
217744422,highway,motorway,regular
217744422,int_ref,AH3,regular
217744422,lanes,4,regular
217744422,maxspeed,120,regular
217744422,name,沪昆高速 Shanghai-Kunming Expwy,regular
217744422,en,Shanghai-Kunming Expwy,name
217744422,zh,沪昆高速,name
217744422,oneway,yes,regular
217744422,ref,G60,regular
220072655,landuse,reservoir,regular
220105581,building,hangar,regular
220105601,highway,secondary,regular
220105621,access,private,regular
220105621,highway,service,regular
220105621,surface,asphalt,regular
220105643,highway,secondary,regular
220105643,name,金阳大道,regular
220105643,oneway,yes,regular
220105643,ref,S102,regular
220105643,source,GPS,regular
220273674,railway,rail,regular
220273674,service,siding,regular
221820666,highway,primary,regular
221820666,ref,S307,regular
221820666,source,GPS,regular
224491990,highway,tertiary,regular
224491990,source,GPS,regular
228056643,highway,secondary,regular
228056643,ref,S210,regular
230614857,bridge,yes,regular
230614857,highway,motorway,regular
230614857,lanes,2,regular
230614857,layer,2,regular
230614857,oneway,yes,regular
230614880,fixme,yes,regular
230614880,highway,primary,regular
230614880,lanes,3,regular
230614880,oneway,yes,regular
230614880,ref,X100,regular
230615528,railway,rail,regular
230615528,service,siding,regular
230615885,electrified,contact_line,regular
230615885,name,湘黔线,regular
230615885,en,Xiangqian Line,name
230615885,oneway,yes,regular
230615885,railway,rail,regular
230616912,railway,rail,regular
230616912,service,siding,regular
230616912,source,bing,regular
230616945,electrified,contact_line,regular
230616945,layer,-1,regular
230616945,name,湘黔线,regular
230616945,en,Xiangqian Line,name
230616945,railway,rail,regular
230616945,tunnel,yes,regular
230616966,highway,motorway,regular
230616966,int_ref,AH3,regular
230616966,name,环城公路,regular
230616966,oneway,yes,regular
230616966,ref,G6001,regular
230617108,highway,motorway,regular
230617108,int_ref,AH3,regular
230617108,name,环城公路,regular
230617108,oneway,yes,regular
230617108,ref,G6001,regular
230718074,highway,tertiary,regular
230719964,highway,motorway,regular
230719964,oneway,yes,regular
230719964,source,bing,regular
230719984,highway,motorway,regular
230719984,lanes,2,regular
230719984,oneway,yes,regular
230719984,source,bing,regular
230720007,highway,trunk,regular
230720007,int_ref,AH3,regular
230720007,name,贵新公路,regular
230720007,oneway,yes,regular
230720007,ref,G60 G320,regular
230720007,source,GPS,regular
230721060,fixme,guess,regular
230721060,highway,motorway,regular
230721060,lanes,2,regular
230721060,name,贵遵公路,regular
230721060,oneway,yes,regular
230721060,ref,G75,regular
233034380,highway,primary,regular
233034380,oneway,yes,regular
233034380,source,GPS,regular
233034402,highway,primary_link,regular
233034402,oneway,yes,regular
233366668,highway,trunk,regular
233366668,lanes,2,regular
233366668,ref,G321,regular
233366668,source,GPS,regular
233366708,highway,primary,regular
233366708,ref,G326,regular
233366708,source,GPS,regular
233366754,highway,primary_link,regular
233366754,source,bing,regular
233376503,bridge,yes,regular
233376503,highway,secondary,regular
233376503,layer,1,regular
233376503,ref,X150,regular
233376503,source,bing,regular
233376578,highway,residential,regular
233376578,source,bing,regular
233376669,leisure,pitch,regular
233376669,sport,soccer,regular
241939311,bridge,yes,regular
241939311,highway,trunk,regular
241939311,lanes,2,regular
241939311,layer,1,regular
241939311,ref,G321,regular
241939311,source,GPS,regular
241939331,highway,road,regular
241939331,source,GPS,regular
241939392,waterway,dam,regular
248050426,highway,road,regular
249209902,highway,motorway,regular
249209902,name,都织高速公路,regular
249209902,en,Duyun-Zhijin Expressway,name
249209902,oneway,yes,regular
249209902,ref,S85,regular
249209902,source,GPS,regular
249209924,highway,secondary,regular
249209958,highway,motorway,regular
249209958,name,都织高速公路,regular
249209958,en,Duyun-Zhijin Expressway,name
249209958,oneway,yes,regular
249209958,ref,S85,regular
249209958,source,GPS,regular
249210668,highway,primary,regular
249210668,note,old Trunk road,regular
249210668,oneway,yes,regular
249210668,ref,G320,regular
249210668,source,Mapbox,regular
249581542,bridge,yes,regular
249581542,highway,motorway,regular
249581542,int_ref,AH3,regular
249581542,lanes,2,regular
249581542,layer,1,regular
249581542,name,凯麻高速,regular
249581542,oneway,yes,regular
249581542,ref,G60,regular
249581542,source,GPS,regular
252235568,highway,primary_link,regular
252235568,oneway,yes,regular
252407579,highway,secondary,regular
252407579,ref,X140,regular
254140854,bridge,yes,regular
254140854,highway,motorway_link,regular
254140854,lanes,2,regular
254140854,layer,1,regular
254140854,oneway,yes,regular
254140874,highway,motorway,regular
254140874,lanes,2,regular
254140874,name,环城公路,regular
254140874,oneway,yes,regular
256857030,highway,tertiary,regular
256857030,source,bing,regular
256997223,highway,primary,regular
256997223,ref,S204,regular
256998499,highway,tertiary,regular
259056282,name,川黔铁路,regular
259056282,railway,rail,regular
259056282,source,GPS,regular
259057364,highway,tertiary,regular
259057364,name,合心北路,regular
259057364,en,Hexin Rd N,name
259057364,source,bing,regular
259061268,name,川黔铁路,regular
259061268,railway,rail,regular
260499491,highway,motorway,regular
260499491,name,兰海高速,regular
260499491,oneway,yes,regular
260499491,ref,G75,regular
260499491,source,GPS,regular
260504090,bridge,yes,regular
260504090,highway,motorway,regular
260504090,layer,1,regular
260504090,name,厦蓉高速公路,regular
260504090,en,Xiamen-Chengdu Expressway,name
260504090,oneway,yes,regular
260504090,ref,G76,regular
260504090,source,GPS,regular
260513019,electrified,contact_line,regular
260513019,frequency,50,regular
260513019,gauge,1435,regular
260513019,layer,-1,regular
260513019,name,湘黔线,regular
260513019,en,Xiangqian Line,name
260513019,note,gps with breaks,regular
260513019,railway,rail,regular
260513019,source,GPS,regular
260513019,tunnel,yes,regular
260513019,usage,main,regular
260513019,voltage,25000,regular
260513039,electrified,contact_line,regular
260513039,frequency,50,regular
260513039,gauge,1435,regular
260513039,name,湘黔线,regular
260513039,en,Xiangqian Line,name
260513039,note,gps with breaks,regular
260513039,railway,rail,regular
260513039,source,GPS,regular
260513039,usage,main,regular
260513039,voltage,25000,regular
260513084,highway,secondary,regular
260513084,source,GPS,regular
260513118,layer,-1,regular
260513118,railway,rail,regular
260513118,source,bing,regular
260513118,tunnel,yes,regular
260513146,railway,rail,regular
260513146,source,bing,regular
260513176,highway,motorway,regular
260513176,int_ref,AH3,regular
260513176,name,凯麻高速,regular
260513176,oneway,yes,regular
260513176,ref,G60,regular
260513176,source,GPS,regular
261944533,highway,residential,regular
261948117,highway,secondary,regular
261948137,highway,unclassified,regular
262106724,highway,residential,regular
262106744,highway,residential,regular
262106766,highway,residential,regular
262106786,highway,residential,regular
262110066,natural,water,regular
262115027,highway,residential,regular
262115050,highway,residential,regular
264092867,highway,motorway,regular
264092867,lanes,3,regular
264092867,name,2nd Ring Road,regular
264092867,oneway,yes,regular
278009916,highway,residential,regular
279140767,bridge,yes,regular
279140767,layer,1,regular
279140767,railway,rail,regular
279207846,railway,rail,regular
279207900,highway,primary,regular
279207900,ref,S307,regular
281519281,highway,tertiary,regular
281519281,source,bing,regular
281528756,highway,motorway_link,regular
281528756,oneway,yes,regular
281528756,source,mapbox,regular
281528820,bridge,yes,regular
281528820,electrified,contact_line,regular
281528820,frequency,50,regular
281528820,gauge,1435,regular
281528820,layer,1,regular
281528820,railway,rail,regular
281528820,source,GPS,regular
281528820,usage,main,regular
281528820,voltage,25000,regular
281528849,bridge,yes,regular
281528849,highway,motorway,regular
281528849,int_ref,AH3,regular
281528849,lanes,2,regular
281528849,layer,1,regular
281528849,name,环城公路,regular
281528849,oneway,yes,regular
281528849,ref,G6001,regular
281528849,source,mapbox,regular
281528877,bridge,yes,regular
281528877,highway,motorway,regular
281528877,int_ref,AH3,regular
281528877,lanes,2,regular
281528877,layer,1,regular
281528877,name,环城公路,regular
281528877,oneway,yes,regular
281528877,ref,G6001,regular
281528877,source,mapbox,regular
281539605,source,mapbox,regular
281539625,natural,heath,regular
281539625,source,mapbox,regular
282015725,highway,motorway_link,regular
282015725,oneway,yes,regular
282015754,highway,motorway,regular
282015754,int_name,Guiyang South Ring Expy,regular
282015754,lanes,2,regular
282015754,name,贵阳南环高速,regular
282015754,en,Guiyang South Ring Expwy,name
282015754,oneway,yes,regular
282015754,ref,G6001,regular
282015754,source,mapbox,regular
284604202,highway,secondary,regular
284605480,highway,tertiary,regular
289490120,bridge,yes,regular
289490120,highway,secondary,regular
289490120,layer,1,regular
289490120,name,西水路,regular
289490140,bridge,yes,regular
289490140,highway,footway,regular
289490140,layer,1,regular
289490140,source,Bing; survey,regular
289490160,highway,service,regular
289490160,source,gps,regular
289490588,highway,motorway_link,regular
289490588,oneway,yes,regular
289490588,source,gps,regular
289677209,highway,footway,regular
289677209,source,gps,regular
289888526,highway,footway,regular
289888526,source,gps,regular
293396810,highway,residential,regular
293396810,source,bing,regular
299064475,highway,motorway,regular
299064475,oneway,yes,regular
299064475,ref,G75,regular
299064475,source,GPS,regular
299064500,bridge,yes,regular
299064500,highway,primary_link,regular
299064500,layer,1,regular
299064500,source,mapbox,regular
301556409,highway,motorway,regular
301556409,oneway,yes,regular
301556409,ref,S50,regular
301556429,highway,motorway,regular
301556429,oneway,yes,regular
301556429,ref,S50,regular
301556449,highway,motorway,regular
301556449,layer,-1,regular
301556449,oneway,yes,regular
301556449,ref,S50,regular
301556449,tunnel,yes,regular
301556470,bridge,yes,regular
301556470,highway,motorway,regular
301556470,layer,1,regular
301556470,oneway,yes,regular
301556470,ref,S50,regular
301560930,bridge,yes,regular
301560930,highway,motorway,regular
301560930,layer,1,regular
301560930,name,厦蓉高速公路,regular
301560930,en,Xiamen-Chengdu Expressway,name
301560930,oneway,yes,regular
301560930,ref,G76,regular
301560930,source,GPS,regular
301561037,highway,motorway,regular
301561037,name,厦蓉高速公路,regular
301561037,en,Xiamen-Chengdu Expressway,name
301561037,oneway,yes,regular
301561037,ref,G76,regular
301561037,source,GPS,regular
301561062,highway,motorway_link,regular
301561062,oneway,yes,regular
301561083,highway,motorway,regular
301561083,int_ref,AH3,regular
301561083,lanes,2,regular
301561083,name,贵新高速,regular
301561083,oneway,yes,regular
301561083,ref,G60 G75 G76,regular
301801357,railway,rail,regular
301801357,service,siding,regular
301892608,railway,rail,regular
305498941,highway,motorway_link,regular
306164737,highway,motorway_link,regular
306164737,oneway,no,regular
306366275,highway,unclassified,regular
306384370,highway,secondary,regular
306384370,name,开州大道,regular
306384370,en,Kaizhou Blvd,name
307807128,highway,motorway,regular
307807128,layer,1,regular
307807128,name,杭瑞高速公路 Hangzhou-Ruili Expressway,regular
307807128,en,Hangzhou-Ruili Expressway,name
307807128,zh,杭瑞高速公路,name
307807128,oneway,yes,regular
307807128,ref,G56,regular
307807128,source,GPS,regular
312189968,highway,motorway_link,regular
312189968,oneway,yes,regular
312539800,highway,motorway_link,regular
312539800,oneway,yes,regular
315731440,bridge,yes,regular
315731440,highway,motorway,regular
315731440,int_ref,AH3,regular
315731440,lanes,2,regular
315731440,layer,1,regular
315731440,maxspeed,120,regular
315731440,name,清镇高速,regular
315731440,oneway,yes,regular
315731440,ref,G60,regular
315731440,source,Bing,regular
315745670,highway,motorway,regular
315745670,int_ref,AH3,regular
315745670,lanes,2,regular
315745670,maxspeed,120,regular
315745670,name,清镇高速,regular
315745670,oneway,yes,regular
315745670,ref,G60,regular
315745670,source,Bing,regular
315752698,bridge,yes,regular
315752698,highway,motorway_link,regular
315752698,layer,1,regular
315752698,oneway,no,regular
315752718,bridge,yes,regular
315752718,highway,motorway,regular
315752718,int_ref,AH3,regular
315752718,lanes,2,regular
315752718,layer,1,regular
315752718,maxspeed,120,regular
315752718,name,清镇高速,regular
315752718,oneway,yes,regular
315752718,ref,G60,regular
315752739,highway,motorway,regular
315752739,int_ref,AH3,regular
315752739,lanes,2,regular
315752739,maxspeed,120,regular
315752739,name,清镇高速,regular
315752739,oneway,yes,regular
315752739,ref,G60,regular
315753881,highway,motorway,regular
315753881,int_ref,AH3,regular
315753881,name,清镇高速,regular
315753881,oneway,yes,regular
315753881,ref,G60,regular
315753881,source,GPS,regular
315753901,highway,trunk,regular
315753901,lanes,2,regular
315753901,name,贵新公路,regular
315753901,oneway,yes,regular
315753901,ref,G60 G320,regular
315753901,source,GPS,regular
315917111,bridge,yes,regular
315917111,highway,motorway,regular
315917111,layer,1,regular
315917111,oneway,yes,regular
315917111,ref,G75,regular
315917111,source,GPS,regular
317462717,bridge,yes,regular
317462717,highway,motorway_link,regular
317462717,layer,1,regular
317462717,oneway,yes,regular
317462717,source,Bing,regular
317465153,highway,service,regular
317465153,source,Bing,regular
318865354,source,mapbox,regular
318865412,highway,residential,regular
318865412,source,mapbox,regular
318914425,highway,secondary,regular
318914425,source,mapbox,regular
319371093,highway,tertiary,regular
319371093,name,中华中路,regular
323104620,railway,rail,regular
326163779,power,line,regular
326494554,layer,-1,regular
326494554,railway,rail,regular
326494554,tunnel,yes,regular
326494598,highway,primary,regular
326494598,ref,S209,regular
328358938,highway,primary,regular
328361463,highway,residential,regular
330204758,bridge,yes,regular
330204758,highway,tertiary,regular
330204758,name,添秀桥,regular
330204758,en,Tianxiu Bridge,name
330204758,zh,添秀桥,name
330204758,oneway,no,regular
330224350,landuse,residential,regular
330224350,name,世外桃园,regular
330229786,highway,primary,regular
330229786,name,石佛路 Shifo Rd,regular
330229786,en,Shifo Rd,name
330229786,zh,石佛路,name
330229786,ref,G326,regular
330245180,highway,residential,regular
330344549,highway,secondary,regular
330344549,name,东大街,regular
330344549,en,Dongda St,name
330353123,highway,residential,regular
330353123,name,罗家坝街 Luojiaba St,regular
330353123,en,Luojiaba St,name
330353123,zh,罗家坝街,name
330372039,highway,secondary,regular
330372039,name,苟江大道,regular
330372039,en,Goujiang Blvd,name
330372039,oneway,yes,regular
330463059,highway,primary,regular
330463059,name,子尹隧道 Ziyin Tunnel,regular
330463059,en,Ziyin Tunnel,name
330463059,zh,子尹隧道,name
330463059,oneway,yes,regular
330463059,tunnel,yes,regular
330496213,bridge,yes,regular
330496213,highway,tertiary,regular
330496213,name,新华桥,regular
330496213,en,Xinhua Bridge,name
330496235,landuse,residential,regular
330496235,name,天利花园,regular
330512949,highway,residential,regular
330512971,highway,residential,regular
330512991,highway,residential,regular
330512991,name,电厂路,regular
330512991,en,Dianchang Rd,name
330520718,highway,residential,regular
330521481,highway,residential,regular
330539832,highway,residential,regular
331626726,highway,tertiary_link,regular
331694464,highway,tertiary,regular
331953188,highway,track,regular
331953675,man_made,silo,regular
332005950,landuse,meadow,regular
332005987,power,station,regular
332639179,highway,track,regular
332648378,highway,residential,regular
332674876,highway,residential,regular
332674876,oneway,yes,regular
332674896,building,residential,regular
332674918,highway,residential,regular
332682432,highway,residential,regular
332700174,highway,residential,regular
332886961,highway,secondary,regular
332886961,junction,roundabout,regular
332886981,highway,tertiary,regular
333987857,highway,residential,regular
333997378,highway,tertiary,regular
333997378,name,内环路,regular
333997378,en,Neihuan Rd,name
334015707,amenity,school,regular
334015707,name,清华中学,regular
334015707,en,Qinghua Middle School,name
334169723,building,residential,regular
334169723,name,九鼎时代花园,regular
334176562,landuse,residential,regular
334176562,name,九州时代,regular
334177915,building,yes,regular
334177915,name,重庆百货遵义商场,regular
334177915,shop,mall,regular
334633622,building,residential,regular
335366202,footway,sidewalk,regular
335366202,highway,footway,regular
335366223,footway,sidewalk,regular
335366223,highway,footway,regular
335597263,highway,motorway,regular
335597263,name,厦蓉高速公路,regular
335597263,en,Xiamen–Chengdu Expressway,name
335597263,oneway,yes,regular
335597263,ref,G76,regular
335597263,toll,yes,regular
335600790,highway,secondary,regular
335602795,highway,motorway,regular
335602795,name,厦蓉高速公路,regular
335602795,en,Xiamen–Chengdu Expressway,name
335602795,oneway,yes,regular
335602795,ref,G76,regular
335602795,toll,yes,regular
335604250,highway,motorway_link,regular
335606099,highway,secondary,regular
335606099,ref,X188,regular
337346809,building,yes,regular
340045560,highway,residential,regular
340561498,highway,motorway_link,regular
340561498,name,秦棋立交,regular
340561498,en,Qinqi Interchange,name
340561498,oneway,yes,regular
340607112,highway,motorway,regular
340607112,name,兰海高速公路,regular
340607112,en,Lanzhou-Haikou Expressway,name
340607112,oneway,yes,regular
340607112,ref,G75,regular
340607112,source,Bing,regular
341365913,highway,motorway_link,regular
341365913,oneway,no,regular
341432450,bridge,yes,regular
341432450,highway,motorway,regular
341432450,lanes,2,regular
341432450,name,甲秀北路,regular
341432450,oneway,yes,regular
341432450,ref,G75,regular
344633871,highway,tertiary,regular
344633871,ref,X303,regular
345820017,highway,service,regular
345826845,highway,footway,regular
346127754,highway,tertiary,regular
346127754,oneway,yes,regular
346180831,highway,motorway_link,regular
346180831,oneway,yes,regular
346700470,highway,residential,regular
347398885,highway,motorway,regular
347398885,layer,-1,regular
347398885,oneway,yes,regular
347398885,ref,G76,regular
347398885,tunnel,yes,regular
347398905,highway,motorway,regular
347398905,oneway,yes,regular
347398905,ref,G76,regular
347398925,highway,motorway,regular
347398925,oneway,yes,regular
347398925,ref,G76,regular
347546308,amenity,post_office,regular
347546308,building,yes,regular
347546308,name,中国邮政虾子邮政支局,regular
347546308,en,China Post,name
347633638,amenity,school,regular
347633638,name,虾子镇中心学校,regular
347657608,building,yes,regular
347657608,name,遵义市深溪镇政府,regular
347657608,office,government,regular
347659472,highway,residential,regular
347913015,highway,residential,regular
347934108,highway,primary,regular
348332827,highway,residential,regular
348334407,highway,residential,regular
348334407,source,Mapbox,regular
349374479,highway,residential,regular
349378016,highway,residential,regular
349875492,highway,residential,regular
349875492,name,柳堰路,regular
349875492,en,Liuyan Rd,name
349879422,bridge,yes,regular
349879422,highway,tertiary,regular
349879422,layer,1,regular
349879422,name,人民西路 Renmin W Rd,regular
349879422,en,Renmin W Rd,name
349879422,zh,人民西路,name
349882773,highway,residential,regular
349882773,source,bing,regular
351059101,amenity,clinic,regular
351059101,building,yes,regular
351059101,name,太君骨科诊所,regular
351310936,highway,tertiary,regular
351310936,name,合心北路,regular
351310936,en,Hexin Rd N,name
351310936,source,bing,regular
351859090,building,school,regular
351865670,building,residential,regular
351880278,highway,residential,regular
351888147,highway,residential,regular
351897707,building,yes,regular
351897707,name,遵义市遵义县 三岔镇政府,regular
351897707,office,government,regular
351899519,highway,residential,regular
351974459,highway,tertiary,regular
352020799,amenity,place_of_worship,regular
352020799,building,yes,regular
352020799,name,云台寺,regular
352020799,religion,buddhist,regular
352025749,amenity,school,regular
352025749,name,茶山关蓝天希望小学,regular
352037151,building,school,regular
352194479,highway,residential,regular
352714432,building,school,regular
352902768,highway,primary,regular
352902768,note,old Trunk road,regular
352902768,oneway,yes,regular
352902768,ref,G320,regular
352902768,source,Mapbox,regular
353143703,building,yes,regular
353143703,name,遵义县国土局 尚嵇国土所,regular
353143703,office,government,regular
353232837,building,commercial,regular
353238267,highway,residential,regular
353353862,building,yes,regular
353353862,name,遵义县农业 有害生物预警与控制 区域站,regular
353353862,office,government,regular
353361462,building,yes,regular
353361462,name,环宇药业公司,regular
353361462,office,company,regular
353398799,building,yes,regular
353398799,name,遵义县政务服务中心,regular
353398799,en,Zunyi County Administrative Service Center,name
353398799,office,government,regular
353415471,landuse,residential,regular
353415471,name,阳光花园,regular
353415491,highway,residential,regular
353415513,building,residential,regular
353747741,highway,residential,regular
354222886,building,residential,regular
354222906,highway,residential,regular
357113612,building,commercial,regular
357394069,highway,motorway,regular
357394069,name,安普高速,regular
357394069,en,Anpu Expy,name
357394069,oneway,yes,regular
357394069,ref,S86,regular
357809858,building,yes,regular
357809858,name,播州区南白镇人民政府,regular
357809858,office,government,regular
360576506,highway,motorway_link,regular
360576506,lanes,2,regular
360576506,oneway,yes,regular
361281189,highway,motorway_link,regular
361281189,oneway,yes,regular
361504164,highway,primary_link,regular
361504164,oneway,yes,regular
361547628,highway,motorway_link,regular
361547628,oneway,yes,regular
362212310,highway,primary,regular
362212310,layer,-1,regular
362212310,ref,S205,regular
362212310,tunnel,yes,regular
364466603,highway,residential,regular
364466603,oneway,yes,regular
365519815,area,yes,regular
365519815,railway,platform,regular
365523519,name,贵阳至开阳铁路,regular
365523519,railway,rail,regular
368310397,building,yes,regular
368310428,bridge,yes,regular
368310428,highway,primary_link,regular
368310428,layer,1,regular
368310452,railway,rail,regular
369877643,highway,secondary,regular
374650688,building,停车场2,regular
375326435,highway,service,regular
375378909,highway,secondary_link,regular
375379504,highway,secondary,regular
375583058,railway,rail,regular
375583058,service,spur,regular
375583058,source,Bing,regular
375881333,railway,rail,regular
375881333,service,siding,regular
375884586,area,yes,regular
375884586,railway,platform,regular
375931478,highway,primary,regular
375931478,lanes,2,regular
375931478,oneway,yes,regular
375931478,ref,G320,regular
375931478,source,Bing;GPS,regular
375933565,leisure,stadium,regular
377675024,highway,primary,regular
377675024,source,bing,regular
381681812,bridge,yes,regular
381681812,highway,primary,regular
381681812,name,忠深大道,regular
381681812,en,Zhongshen Avenue,name
381681812,zh,忠深大道,name
381681812,source,bing,regular
381688450,amenity,school,regular
381688450,name,遵义市民政学校 Zunyi Minzheng School,regular
381688450,en,Zunyi Minzheng School,name
381688450,zh,遵义市民政学校,name
381701599,highway,primary,regular
381701599,name,湘江大道,regular
381701599,en,Xiangjiang Avenue,name
381701599,zh,湘江大道,name
381701599,oneway,yes,regular
385774283,highway,primary,regular
385774283,int_ref,G320,regular
385774283,lanes,2,regular
385774283,name,贵黄公路,regular
385774283,oneway,yes,regular
385774283,ref,G320,regular
385774283,source,GPS,regular
385774305,highway,primary_link,regular
385774328,highway,tertiary,regular
387790982,building,residential,regular
387791002,highway,service,regular
388390139,highway,motorway_link,regular
388390139,oneway,yes,regular
388390159,highway,motorway,regular
388390159,name,黔大高速,regular
388390159,zh,黔大高速,name
388390159,oneway,yes,regular
388396715,highway,motorway,regular
388396715,name,黔大高速,regular
388396715,zh,黔大高速,name
388396715,oneway,yes,regular
388399738,highway,motorway,regular
388399738,name,黔大高速,regular
388399738,zh,黔大高速,name
388399738,oneway,yes,regular
388451927,highway,motorway_link,regular
388451927,oneway,yes,regular
388972691,highway,motorway,regular
388972691,name,黔大高速,regular
388972691,zh,黔大高速,name
388972691,oneway,yes,regular
388975711,bridge,yes,regular
388975711,highway,motorway,regular
388975711,name,黔大高速,regular
388975711,zh,黔大高速,name
388975711,oneway,yes,regular
388979325,bridge,yes,regular
388979325,highway,motorway,regular
388979325,layer,1,regular
388979325,name,安普高速,regular
388979325,en,Anpu Expy,name
388979325,oneway,yes,regular
388979325,ref,S86,regular
388992956,highway,motorway,regular
388992956,oneway,yes,regular
388992956,ref,G56,regular
390479869,highway,residential,regular
390479869,source,bing,regular
390555336,boat,no,regular
390555336,code,AHA22006,regular
390555336,int_name,Beipan,regular
390555336,name,北盘江,regular
390555336,en,Beipan River,name
390555336,zh,北盘江,name
390555336,nsdi_code,HA1804,regular
390555336,source,Yahoo,regular
390555336,waterway,river,regular
390555336,zhb_code,15HA030000,regular
390555357,highway,tertiary,regular
390555357,source,bing,regular
395189142,highway,motorway,regular
395189142,oneway,yes,regular
395893632,highway,motorway_link,regular
396930986,highway,motorway,regular
396930986,oneway,yes,regular
396930986,ref,G56,regular
396942719,highway,motorway_link,regular
396942745,highway,motorway_link,regular
396947260,highway,motorway,regular
396947260,layer,-1,regular
396947260,name,厦蓉高速公路,regular
396947260,en,Xiamen–Chengdu Expressway,name
396947260,ref,G76,regular
396947260,tunnel,yes,regular
396948504,highway,motorway,regular
396948504,int_ref,AH3,regular
396948504,lanes,2,regular
396948504,name,清镇高速,regular
396948504,oneway,yes,regular
396948504,ref,G60,regular
396948504,source,GPS,regular
400289776,highway,motorway,regular
400289776,name,黄果树隧道,regular
400289776,oneway,yes,regular
400289776,ref,G60,regular
400289776,tunnel,yes,regular
401973095,waterway,river,regular
403105948,highway,motorway,regular
403105948,oneway,yes,regular
403105948,ref,G321,regular
403105948,source,GPS,regular
403876731,bridge,yes,regular
403876731,highway,motorway,regular
403876731,layer,1,regular
403876731,oneway,yes,regular
403876731,ref,G321,regular
403876731,source,GPS,regular
404099425,highway,primary,regular
404099425,int_name,Guikai 2nd Class Hwy,regular
404099425,lanes,2,regular
404099425,name,贵开公路,regular
404308545,highway,motorway,regular
404308545,int_ref,AH3,regular
404308545,name,环城公路,regular
404308545,oneway,yes,regular
404308545,ref,G6001,regular
406846535,highway,motorway,regular
406846535,int_ref,AH3,regular
406846535,name,清镇高速,regular
406846535,oneway,yes,regular
406846535,ref,G60,regular
406846535,source,bing,regular
413708486,highway,residential,regular
413708486,layer,-1,regular
413708486,tunnel,yes,regular
415670008,highway,motorway,regular
415670008,lanes,2,regular
415670008,oneway,yes,regular
415670008,ref,S62,regular
415670131,highway,motorway,regular
415670131,layer,1,regular
415670131,name,厦蓉高速公路,regular
415670131,en,Xiamen-Chengdu Expressway,name
415670131,oneway,yes,regular
415670131,ref,G76,regular
415670131,source,GPS,regular
415777735,highway,motorway,regular
415777735,lanes,2,regular
415777735,oneway,yes,regular
415777735,ref,S62,regular
415793257,highway,motorway,regular
415793257,lanes,2,regular
415793257,oneway,yes,regular
415793257,ref,S62,regular
415793277,highway,motorway,regular
415793277,lanes,2,regular
415793277,oneway,yes,regular
415793277,ref,S62,regular
415793297,highway,motorway,regular
415793297,lanes,2,regular
415793297,oneway,yes,regular
415793297,ref,S62,regular
415793318,highway,motorway,regular
415793318,lanes,2,regular
415793318,oneway,yes,regular
415793318,ref,S62,regular
417179134,highway,unclassified,regular
418620345,highway,residential,regular
424533374,highway,secondary,regular
424533374,ref,X754,regular
424533374,source,bing,regular
424533450,highway,secondary,regular
424533450,source,bing,regular
424539571,boat,no,regular
424539571,source,landsat,regular
424539571,waterway,river,regular
424573598,highway,residential,regular
424573598,source,bing,regular
424575454,highway,tertiary,regular
424575454,source,bing,regular
424580517,highway,unclassified,regular
424580517,source,bing,regular
424581827,boat,no,regular
424581827,code,AFE10006,regular
424581827,layer,-1,regular
424581827,name,三岔河,regular
424581827,en,Sancha River,name
424581827,zh,三岔河,name
424581827,zh_pinyin,sānchà hé,name
424581827,source,landsat,regular
424581827,tunnel,yes,regular
424581827,waterway,river,regular
424581874,landuse,residential,regular
424581874,source,bing,regular
424585480,highway,residential,regular
424585480,source,bing,regular
424590465,source,bing,regular
424591223,power,line,regular
424591223,source,bing,regular
424713417,highway,tertiary,regular
424713417,source,bing,regular
424729352,power,line,regular
424729352,source,bing,regular
424731632,highway,tertiary,regular
424731632,source,bing,regular
424790938,source,landsat,regular
424790938,waterway,river,regular
424949843,highway,service,regular
424949878,highway,track,regular
424954850,landuse,residential,regular
424954875,landuse,residential,regular
424964847,natural,wood,regular
424964867,landuse,residential,regular
424968847,highway,residential,regular
424968868,waterway,dam,regular
424972713,landuse,residential,regular
424972733,waterway,dam,regular
424978366,landuse,residential,regular
424978386,highway,secondary,regular
424978386,tunnel,yes,regular
424978406,highway,service,regular
424978426,landuse,farmland,regular
424983510,highway,residential,regular
424983510,surface,unpaved,regular
424983530,natural,water,regular
424983530,water,pond,regular
424983551,highway,service,regular
425166745,natural,wood,regular
425166780,natural,wood,regular
425188346,highway,residential,regular
425188346,surface,unpaved,regular
425376600,natural,wood,regular
425376620,natural,wood,regular
425376640,natural,wood,regular
426291466,bridge,yes,regular
426291466,highway,motorway,regular
426291466,layer,1,regular
426291466,name,杭瑞高速公路 Hangzhou-Ruili Expressway,regular
426291466,en,Hangzhou-Ruili Expressway,name
426291466,zh,杭瑞高速公路,name
426291466,oneway,yes,regular
426291466,ref,G56,regular
426291466,source,GPS,regular
426293081,bridge,yes,regular
426293081,highway,motorway,regular
426293081,layer,1,regular
426293081,name,杭瑞高速公路 Hangzhou-Ruili Expressway,regular
426293081,en,Hangzhou-Ruili Expressway,name
426293081,zh,杭瑞高速公路,name
426293081,oneway,yes,regular
426293081,ref,G56,regular
426293081,source,GPS,regular
426295089,highway,motorway,regular
426295089,name,杭瑞高速公路 Hangzhou-Ruili Expressway,regular
426295089,en,Hangzhou-Ruili Expressway,name
426295089,zh,杭瑞高速公路,name
426295089,oneway,yes,regular
426295089,ref,G56,regular
426295089,source,GPS,regular
426295089,tunnel,yes,regular
426904025,landuse,residential,regular
426904070,landuse,residential,regular
426904103,highway,residential,regular
426904128,landuse,residential,regular
426904163,highway,tertiary,regular
435785841,highway,secondary,regular
435785841,name,民主路 Minzhu Rd,regular
435785841,en,Minzhu Rd,name
435785841,zh,民主路,name
437278047,highway,tertiary,regular
437278047,source,bing,regular
437300496,highway,secondary,regular
437300496,ref,X008,regular
437300496,source,bing,regular
437300519,landuse,basin,regular
437300519,source,bing,regular
437314541,highway,motorway,regular
437314541,int_name,Guiyang South Ring Expy,regular
437314541,lanes,2,regular
437314541,name,环城公路,regular
437314541,en,Guiyang South Ring Expwy,name
437314541,oneway,yes,regular
437314541,ref,G6001,regular
437314541,source,mapbox,regular
437314672,highway,secondary,regular
437314672,ref,X014,regular
437314672,source,GPS,regular
437314737,bridge,yes,regular
437314737,highway,tertiary,regular
437314737,layer,1,regular
437314737,source,bing,regular
437314763,highway,residential,regular
437314763,source,bing,regular
437319086,bridge,yes,regular
437319086,highway,secondary,regular
437319086,layer,1,regular
437319086,ref,X100,regular
437319086,source,bing,regular
437322234,highway,residential,regular
437322234,source,bing,regular
437330448,landuse,residential,regular
437330448,source,bing,regular
437340542,highway,tertiary,regular
437340542,source,bing,regular
437940482,highway,motorway,regular
437940482,int_ref,AH3,regular
437940482,name,贵新高速,regular
437940482,oneway,yes,regular
437940482,ref,G60 G75 G76,regular
437940482,source,GPS,regular
437940593,electrified,contact_line,regular
437940593,frequency,50,regular
437940593,gauge,1435,regular
437940593,name,湘黔线,regular
437940593,en,Xiangqian Line,name
437940593,note,gps with breaks,regular
437940593,railway,rail,regular
437940593,source,GPS,regular
437940593,usage,main,regular
437940593,voltage,25000,regular
441803099,highway,tertiary,regular
442580181,bridge,yes,regular
442580181,highway,motorway,regular
442580181,lanes,2,regular
442580181,layer,1,regular
442580181,name,厦蓉高速公路,regular
442580181,en,Xiamen–Chengdu Expressway,name
442580181,note,fixme,regular
442580181,oneway,yes,regular
442580181,ref,G76,regular
442580181,surface,paved,regular
442653734,building,yes,regular
442879683,highway,tertiary,regular
442880928,highway,residential,regular
442977312,bridge,yes,regular
442977312,highway,primary,regular
442977312,lanes,2,regular
442977312,layer,1,regular
442977312,oneway,yes,regular
442977312,ref,S106,regular
442977312,surface,paved,regular
442977332,highway,trunk_link,regular
442977332,lanes,2,regular
442977332,motorroad,yes,regular
442977332,oneway,yes,regular
442977332,surface,paved,regular
442977352,highway,secondary,regular
442977352,lanes,3,regular
442977352,oneway,yes,regular
442977352,surface,paved,regular
442977409,highway,trunk_link,regular
442977409,lanes,1,regular
442977409,motorroad,yes,regular
442977409,oneway,yes,regular
442977409,surface,paved,regular
442977444,bridge,yes,regular
442977444,highway,trunk,regular
442977444,lanes,4,regular
442977444,layer,1,regular
442977444,motorroad,yes,regular
442977444,oneway,yes,regular
442977444,surface,paved,regular
442977464,highway,residential,regular
442977464,surface,paved,regular
442977484,bridge,yes,regular
442977484,highway,primary,regular
442977484,lanes,4,regular
442977484,layer,1,regular
442977484,oneway,yes,regular
442977484,surface,paved,regular
442977504,highway,primary,regular
442977504,lanes,4,regular
442977504,oneway,yes,regular
442977504,surface,paved,regular
442977524,highway,trunk,regular
442977524,lanes,4,regular
442977524,motorroad,yes,regular
442977524,oneway,yes,regular
442977524,surface,paved,regular
442977544,highway,primary,regular
442977544,lanes,3,regular
442977544,oneway,yes,regular
442977544,surface,paved,regular
442977564,highway,secondary,regular
442977564,lanes,3,regular
442977564,oneway,yes,regular
442977564,surface,paved,regular
442977584,highway,primary,regular
442977584,lanes,3,regular
442977584,oneway,yes,regular
442977584,surface,paved,regular
442977604,highway,primary_link,regular
442977604,lanes,2,regular
442977604,oneway,yes,regular
442977604,surface,paved,regular
442977624,highway,secondary,regular
442977624,lanes,1,regular
442977624,oneway,yes,regular
442977624,surface,paved,regular
443069972,power,substation,regular
443107096,cables,3,regular
443107096,power,line,regular
445870428,building,residential,regular
445877956,building,residential,regular
445877976,landuse,residential,regular
445877976,name,万豪城,regular
452875008,source,bing,regular
452891244,highway,secondary,regular
452891244,ref,X186,regular
452891244,source,bing,regular
452896152,highway,secondary,regular
452896152,ref,X186,regular
452896152,source,bing,regular
452896206,highway,secondary,regular
452896206,ref,X194,regular
452896206,source,bing,regular
452901218,source,bing,regular
452967658,bridge,yes,regular
452967658,highway,tertiary,regular
452967658,layer,1,regular
452967658,surface,paved,regular
453006218,natural,water,regular
453006218,source,bing,regular
453038248,source,landsat,regular
453038289,highway,residential,regular
453038313,source,bing,regular
453038313,waterway,ditch,regular
453049621,highway,unclassified,regular
453049621,source,bing,regular
453077847,highway,secondary,regular
453077847,ref,X450,regular
457463067,landuse,residential,regular
457463067,name,正源·金港城,regular
457463096,landuse,residential,regular
457463096,name,天赐阳光,regular
457587367,building,residential,regular
457587387,landuse,residential,regular
457587387,name,大恒名城,regular
457587407,landuse,residential,regular
457587407,name,小康小区,regular
458943631,highway,tertiary,regular
459593000,highway,tertiary,regular
459593030,highway,residential,regular
459593050,highway,residential,regular
459611777,highway,residential,regular
459619815,highway,motorway,regular
459619815,lanes,3,regular
459619815,oneway,yes,regular
459619845,highway,motorway,regular
459619845,lanes,3,regular
459619845,name,贵新高速,regular
459619845,oneway,yes,regular
459619845,ref,G75 G76,regular
459628535,highway,trunk,regular
459628535,lanes,3,regular
459628535,motorroad,yes,regular
459628535,oneway,yes,regular
459628580,highway,trunk,regular
459628580,lanes,3,regular
459628580,layer,-1,regular
459628580,oneway,yes,regular
459806145,fixme,yes,regular
459806145,highway,secondary,regular
459806145,lanes,6,regular
459810929,highway,primary,regular
459810949,fixme,yes,regular
459810949,highway,motorway_link,regular
459810949,oneway,yes,regular
459810969,highway,motorway_link,regular
459810969,oneway,yes,regular
459819850,highway,tertiary,regular
459819870,highway,primary,regular
459819870,lanes,4,regular
459819870,motorroad,yes,regular
459819870,oneway,yes,regular
459819892,highway,road,regular
459819892,ref,G210,regular
459819892,source,bing,regular
459862775,highway,motorway_link,regular
459862775,oneway,yes,regular
460023969,highway,motorway,regular
460023969,lanes,3,regular
460023969,name,贵新高速,regular
460023969,oneway,yes,regular
460023969,ref,G75 G76,regular
460023989,highway,trunk_link,regular
460023989,motorroad,no,regular
460023989,oneway,yes,regular
460024009,highway,residential,regular
460024029,highway,residential,regular
460030921,highway,primary,regular
460030921,oneway,yes,regular
460030921,source,bing,regular
460077694,highway,primary_link,regular
460077694,oneway,yes,regular
460077694,ref,X100,regular
460146881,highway,residential,regular
460189434,highway,secondary_link,regular
460189434,layer,-1,regular
460189434,tunnel,yes,regular
460322062,bridge,yes,regular
460322062,highway,trunk_link,regular
460322062,layer,1,regular
460322062,oneway,yes,regular
460328602,highway,tertiary,regular
460328602,ref,X100,regular
460395905,highway,primary,regular
460395905,int_ref,G320,regular
460395905,lanes,2,regular
460395905,name,贵黄公路,regular
460395905,oneway,yes,regular
460395905,ref,G320,regular
460395905,source,GPS,regular
460418620,highway,secondary_link,regular
460418640,highway,secondary_link,regular
460743923,highway,secondary,regular
460743923,ref,X436,regular
460743923,source,bing,regular
461563428,highway,unclassified,regular
461563428,source,bing,regular
461570562,highway,unclassified,regular
461570562,source,bing,regular
461570582,landuse,industrial,regular
461570582,source,bing,regular
461579365,highway,secondary,regular
461579365,ref,X802,regular
461579365,source,bing,regular
461582938,source,landsat,regular
461582938,waterway,river,regular
461599134,bridge,yes,regular
461599134,highway,secondary,regular
461599134,layer,1,regular
461599134,ref,X901,regular
461599134,source,bing,regular
461599155,landuse,residential,regular
461599155,source,bing,regular
461609598,bridge,yes,regular
461609598,highway,secondary,regular
461609598,layer,1,regular
461609598,ref,X988,regular
461609598,source,bing,regular
461609619,highway,unclassified,regular
461609619,source,bing,regular
461609639,landuse,quarry,regular
461609639,source,bing,regular
461662063,highway,secondary,regular
461662063,ref,X888,regular
461662063,source,GPS,regular
461664058,highway,secondary,regular
461676257,admin_level,6,regular
461676257,boundary,administrative,regular
461676257,source,"China Data Center, University of Michigan",regular
461685530,highway,tertiary,regular
461685530,ref,Y008,regular
461685530,source,bing,regular
461687494,boat,no,regular
461687494,code,AFF12116,regular
461687494,name,重安江,regular
461687494,en,Chongan River,name
461687494,zh,重安江,name
461687494,zh_pinyin,chóngān jiāng,name
461687494,nsdi_code,FG1805,regular
461687494,source,landsat,regular
461687494,waterway,river,regular
461687494,zhb_code,11FH100100,regular
461687516,highway,unclassified,regular
461687516,source,bing,regular
461690718,bridge,yes,regular
461690718,highway,primary,regular
461690718,layer,1,regular
461690718,ref,S308,regular
461690718,source,bing,regular
461690740,highway,unclassified,regular
461690740,source,bing,regular
461698599,highway,primary,regular
461698599,oneway,yes,regular
461698599,ref,S204,regular
461698599,source,GPS,regular
461698619,highway,tertiary,regular
461698619,ref,Y003,regular
461698619,source,bing,regular
461698661,highway,unclassified,regular
461698661,source,bing,regular
461698705,highway,unclassified,regular
461698705,source,bing,regular
461724377,highway,secondary,regular
461724377,ref,S204 (旧),regular
461724377,source,GPS,regular
461804061,highway,motorway,regular
461804061,lanes,2,regular
461804061,name,贵新高速,regular
461804061,oneway,yes,regular
461804061,ref,G75 G76,regular
461804061,source,osm-gpx,regular
461825094,highway,unclassified,regular
461825094,source,osm-gpx,regular
461855100,highway,primary,regular
461855100,ref,S309,regular
461855100,source,GPS,regular
462720093,highway,tertiary,regular
462720093,oneway,yes,regular
462720113,highway,unclassified,regular
462879927,highway,secondary,regular
462879927,name,开行路,regular
462879927,oneway,yes,regular
462879949,highway,primary,regular
462879949,name,飞雄机场高速,regular
462879949,en,Airport Expressway,name
462879949,oneway,yes,regular
462879969,highway,secondary_link,regular
462879969,name,百里杜鹃路,regular
462879969,oneway,yes,regular
462879989,highway,primary,regular
462879989,oneway,yes,regular
462887267,highway,secondary_link,regular
462887287,highway,primary,regular
462887287,name,学院路,regular
462887287,en,College Road,name
462887287,oneway,yes,regular
462887307,highway,unclassified,regular
462891646,waterway,dam,regular
462891666,natural,cliff,regular
462896942,name,成贵高速铁路,regular
462896942,en,Chengdu–Guiyang High-Speed Railway,name
462896942,railway,rail,regular
462896942,wikipedia,zh:成貴客運專線,regular
462896966,highway,motorway,regular
462896966,name,毕威高速,regular
462896966,zh,毕威高速,name
462896966,oneway,yes,regular
462896966,ref,G56,regular
462896986,highway,motorway,regular
462896986,lanes,2,regular
462896986,oneway,yes,regular
462896986,ref,G76,regular
462897006,highway,motorway_link,regular
462897006,oneway,yes,regular
462897026,highway,primary_link,regular
462897026,junction,roundabout,regular
462897046,highway,residential,regular
466733856,bridge,yes,regular
466733856,highway,motorway,regular
466733856,lanes,2,regular
466733856,layer,1,regular
466733856,name,贵新高速,regular
466733856,oneway,yes,regular
466733856,ref,G75 G76,regular
466733856,source,osm-gpx,regular
466733882,waterway,dam,regular
466742324,highway,tertiary,regular
466742345,highway,motorway_link,regular
466742345,oneway,yes,regular
466742365,highway,motorway,regular
466742365,oneway,yes,regular
466755153,bridge,yes,regular
466755153,highway,motorway,regular
466755153,layer,1,regular
466755153,oneway,yes,regular
466755173,highway,motorway_link,regular
466755173,oneway,yes,regular
466755194,highway,motorway,regular
466755194,lanes,2,regular
466755194,layer,-1,regular
466755194,name,贵新高速,regular
466755194,oneway,yes,regular
466755194,ref,G75 G76,regular
466755194,source,osm-gpx,regular
466755194,tunnel,yes,regular
466755217,highway,motorway,regular
466755217,oneway,yes,regular
466755245,highway,tertiary,regular
466766318,bridge,yes,regular
466766318,highway,secondary,regular
466766318,layer,1,regular
466766345,highway,primary,regular
466890322,highway,motorway_link,regular
466890322,oneway,no,regular
466890396,highway,motorway_link,regular
466890396,oneway,yes,regular
466890442,highway,motorway_link,regular
466890442,oneway,yes,regular
466890490,bridge,yes,regular
466890490,highway,primary,regular
466890490,layer,1,regular
466890490,source,Mapbox,regular
466976405,highway,primary,regular
466976405,ref,G326,regular
467155998,highway,motorway_link,regular
467155998,oneway,yes,regular
467156021,highway,unclassified,regular
467156044,highway,tertiary,regular
467423896,bridge,yes,regular
467423896,highway,tertiary,regular
467423896,layer,1,regular
467486196,source,Sentinel-2 2016/10/06,regular
467486196,waterway,river,regular
467486216,highway,tertiary,regular
467941562,highway,primary,regular
467941562,ref,S205,regular
467941562,source,landsat,regular
467964983,fixme,yes,regular
467964983,highway,primary,regular
467964983,lanes,3,regular
467964983,name,东联络线,regular
467964983,oneway,yes,regular
467964983,ref,G210,regular
467964983,source,bing,regular
468023698,highway,primary,regular
468023698,lanes,2,regular
468023698,layer,-1,regular
468023698,name,巷三公路 Xiangsan Rd,regular
468023698,en,Xiangsan Rd,name
468023698,zh,巷三公路,name
468023698,oneway,yes,regular
468023698,tunnel,yes,regular
468709221,waterway,river,regular
468709241,highway,secondary,regular
468709261,bridge,yes,regular
468709261,highway,motorway_link,regular
468709261,oneway,yes,regular
468709281,construction,secondary,regular
468709281,highway,construction,regular
468709301,highway,tertiary,regular
468712677,highway,tertiary,regular
468712677,oneway,yes,regular
469585384,cables,2,regular
469585384,frequency,0,regular
469585384,name,HVDC Xiluodu-Guangdong,regular
469585384,operator,China Southern Powergrid,regular
469585384,power,line,regular
469585384,voltage,500000,regular
469585421,cables,2,regular
469585421,frequency,0,regular
469585421,name,HVDC Xiluodu-Guangdong,regular
469585421,operator,China Southern Powergrid,regular
469585421,power,line,regular
469585421,voltage,500000,regular
470556093,construction,motorway_link,regular
470556093,highway,construction,regular
470556093,oneway,yes,regular
470556152,highway,road,regular
470556172,highway,motorway_link,regular
470556172,oneway,yes,regular
470567764,highway,secondary,regular
472056508,bridge,yes,regular
472056508,highway,primary,regular
472056508,layer,1,regular
472056508,ref,S307,regular
472056528,highway,residential,regular
472056548,highway,secondary,regular
472092461,highway,residential,regular
472092481,highway,tertiary,regular
472092501,bridge,viaduct,regular
472092501,highway,motorway,regular
472092501,layer,1,regular
472092501,name,厦蓉高速公路,regular
472092501,en,Xiamen–Chengdu Expressway,name
472092501,ref,G76,regular
472092501,toll,yes,regular
472092521,highway,motorway,regular
472092521,name,厦蓉高速公路,regular
472092521,en,Xiamen–Chengdu Expressway,name
472092521,ref,G76,regular
472092521,toll,yes,regular
472092543,highway,tertiary,regular
472094116,bridge,viaduct,regular
472094116,highway,motorway,regular
472094116,layer,1,regular
472094116,name,厦蓉高速公路,regular
472094116,en,Xiamen–Chengdu Expressway,name
472094116,ref,G76,regular
472094116,toll,yes,regular
472095482,highway,motorway_link,regular
472095482,oneway,yes,regular
475320732,highway,secondary,regular
475320775,bridge,yes,regular
475320775,highway,motorway,regular
475320775,layer,1,regular
475320775,name,银百高速公路,regular
475320775,en,Yinchuan–Baise Expressway,name
475320775,oneway,yes,regular
475320775,ref,G69,regular
475320775,toll,yes,regular
475342371,construction,motorway_link,regular
475342371,highway,construction,regular
475342371,oneway,yes,regular
475342410,bridge,viaduct,regular
475342410,construction,motorway,regular
475342410,highway,construction,regular
475342410,layer,1,regular
475342410,oneway,yes,regular
475342440,construction,motorway,regular
475342440,highway,construction,regular
475342440,oneway,yes,regular
475342440,ref,S55,regular
475467307,highway,secondary,regular
475467327,bridge,yes,regular
475467327,highway,motorway,regular
475467327,layer,1,regular
475467327,name,都兴高速,regular
475467327,oneway,yes,regular
475467327,ref,S50,regular
475467347,highway,tertiary,regular
475467368,highway,secondary,regular
475467368,oneway,yes,regular
475467474,highway,secondary,regular
475467547,natural,water,regular
475467608,highway,tertiary,regular
475467663,highway,secondary,regular
475493725,highway,primary,regular
475493725,ref,S101,regular
475493745,highway,secondary,regular
475493765,highway,tertiary,regular
475493785,highway,unclassified,regular
475493805,highway,unclassified,regular
475493825,highway,tertiary,regular
475493845,natural,water,regular
475493865,highway,tertiary,regular
475493885,highway,tertiary,regular
475555940,landuse,residential,regular
475555960,highway,unclassified,regular
475555980,landuse,residential,regular
475556010,landuse,residential,regular
475556043,landuse,residential,regular
475556063,highway,residential,regular
475556083,landuse,residential,regular
475582186,highway,residential,regular
475582206,landuse,residential,regular
475582226,landuse,residential,regular
475582248,highway,tertiary,regular
475582269,natural,water,regular
475582269,water,reservoir,regular
475582289,landuse,residential,regular
475599687,landuse,residential,regular
475599707,highway,residential,regular
475599730,highway,residential,regular
475599751,highway,unclassified,regular
475599771,bridge,yes,regular
475599771,highway,motorway,regular
475599771,lanes,2,regular
475599771,name,贵新高速,regular
475599771,oneway,yes,regular
475599771,ref,G75 G76,regular
475599771,source,osm-gpx,regular
475638631,landuse,residential,regular
475638651,highway,unclassified,regular
475638681,landuse,residential,regular
475638713,landuse,residential,regular
475638736,landuse,residential,regular
475638756,natural,water,regular
475638756,water,reservoir,regular
475638776,landuse,residential,regular
475651043,landuse,residential,regular
475651063,natural,wood,regular
475651083,natural,water,regular
475651104,landuse,residential,regular
475651124,waterway,dam,regular
475651144,landuse,residential,regular
475651164,highway,unclassified,regular
475659442,building,industrial,regular
475659464,natural,water,regular
475659464,water,reservoir,regular
475659486,waterway,dam,regular
475659506,landuse,residential,regular
475671098,power,substation,regular
475671118,highway,unclassified,regular
475671138,landuse,commercial,regular
475671165,landuse,farmland,regular
475671186,landuse,residential,regular
475671208,highway,unclassified,regular
475671271,highway,primary,regular
475671291,bridge,yes,regular
475671291,highway,construction,regular
475671291,oneway,yes,regular
475671291,ref,S62,regular
475686343,highway,primary,regular
475686343,lanes,3,regular
475686343,oneway,yes,regular
475686363,highway,primary,regular
475686363,lanes,3,regular
475686363,oneway,yes,regular
475708045,highway,service,regular
475708065,landuse,industrial,regular
476695607,highway,tertiary,regular
476695659,bridge,yes,regular
476695659,highway,tertiary,regular
476695659,layer,1,regular
476710263,highway,tertiary,regular
476710349,highway,tertiary,regular
476710450,highway,unclassified,regular
476710511,highway,unclassified,regular
476710534,highway,secondary,regular
476713274,bridge,yes,regular
476713274,highway,primary,regular
476713274,layer,1,regular
476713274,ref,S309,regular
476713274,surface,asphalt,regular
476713303,highway,unclassified,regular
478757724,highway,motorway_link,regular
478757724,lanes,2,regular
478757724,oneway,yes,regular
478972473,covered,yes,regular
478972473,highway,service,regular
478972473,oneway,yes,regular
478972473,service,parking_aisle,regular
479213712,highway,trunk_link,regular
479213712,lanes,1,regular
479213712,oneway,yes,regular
482387674,highway,living_street,regular
482574745,highway,primary_link,regular
482574745,oneway,yes,regular
482578824,highway,primary,regular
482578824,name,丁字口,regular
482578824,en,Dingzikou Interchange,name
482578824,oneway,yes,regular
482578824,ref,G210,regular
482578824,source,bing,regular
484714028,construction,motorway_link,regular
484714028,highway,construction,regular
484714028,oneway,yes,regular
484714051,construction,motorway_link,regular
484714051,highway,construction,regular
484714051,oneway,yes,regular
484714071,construction,motorway_link,regular
484714071,highway,construction,regular
484714071,oneway,yes,regular
484714092,construction,motorway,regular
484714092,highway,construction,regular
484714092,oneway,yes,regular
484725039,highway,tertiary,regular
484725060,highway,road,regular
484767431,bridge,yes,regular
484767431,highway,primary_link,regular
484767431,layer,1,regular
484767431,oneway,yes,regular
484785858,landuse,industrial,regular
484785878,landuse,residential,regular
484785913,natural,water,regular
484785913,water,reservoir,regular
484785935,waterway,river,regular
484785956,highway,road,regular
484817657,highway,tertiary,regular
484817679,highway,tertiary,regular
484817699,highway,road,regular
484817722,bridge,yes,regular
484817722,highway,primary,regular
484817722,layer,1,regular
484817753,highway,road,regular
484817805,highway,tertiary,regular
484817825,highway,secondary,regular
484890925,construction,trunk,regular
484890925,highway,construction,regular
484890925,oneway,yes,regular
484890996,highway,road,regular
484891120,natural,wood,regular
484891140,highway,secondary,regular
484891185,highway,primary,regular
484891206,highway,secondary,regular
484900817,highway,road,regular
484900837,highway,road,regular
484900857,highway,tertiary,regular
484900877,highway,secondary,regular
484900937,highway,secondary,regular
487108723,highway,motorway,regular
487108723,layer,-1,regular
487108723,name,厦蓉高速公路,regular
487108723,en,Xiamen-Chengdu Expressway,name
487108723,oneway,yes,regular
487108723,ref,G76,regular
487108723,source,GPS,regular
487108744,highway,service,regular
487108744,source,GPS,regular
487113493,bridge,yes,regular
487113493,highway,motorway,regular
487113493,layer,1,regular
487113493,name,厦蓉高速公路,regular
487113493,en,Xiamen-Chengdu Expressway,name
487113493,oneway,yes,regular
487113493,ref,G76,regular
487113493,source,GPS,regular
487113519,highway,motorway,regular
487113519,name,厦蓉高速公路,regular
487113519,en,Xiamen-Chengdu Expressway,name
487113519,oneway,yes,regular
487113519,ref,G76,regular
487113519,source,GPS,regular
487113519,tunnel,yes,regular
487904340,highway,motorway,regular
487904340,layer,1,regular
487904340,name,厦蓉高速公路,regular
487904340,en,Xiamen-Chengdu Expressway,name
487904340,oneway,yes,regular
487904340,ref,G76,regular
487904340,source,GPS,regular
487904340,tunnel,yes,regular
487910000,highway,motorway,regular
487910000,layer,1,regular
487910000,name,厦蓉高速公路,regular
487910000,en,Xiamen-Chengdu Expressway,name
487910000,oneway,yes,regular
487910000,ref,G76,regular
487910000,source,GPS,regular
488421026,highway,footway,regular
488609686,highway,residential,regular
489336961,bridge,yes,regular
489336961,highway,pedestrian,regular
489336961,layer,1,regular
489336961,source,gps,regular
489457817,highway,tertiary,regular
489457817,name,大兴路 Daxing Lu,regular
489457817,en,Daxing Road,name
489457817,zh,大兴路,name
489457817,oneway,yes,regular
489457817,source,bing,regular
489608781,highway,residential,regular
489608781,source,gps,regular
490714091,highway,residential,regular
490714091,source,gps,regular
491152516,highway,unclassified,regular
491156408,highway,residential,regular
491160019,highway,track,regular
494142129,highway,primary,regular
494142129,ref,G210,regular
494142129,source,GPS,regular
494149140,building,yes,regular
494149140,levels,2,building
494149140,name,学生食堂,regular
494149140,source,Bing,regular
494149187,building,apartments,regular
494149216,landuse,recreation_ground,regular
494149236,highway,living_street,regular
494149256,barrier,yes,regular
